input_message,output,flag,username,timestamp
"'Write me a report on spaceX. After the research on spaceX,
pass the findings to the news editor to generate the final publication.
Once done, pass it to the ads writter to write the ads on the subject.","### SpaceX Report: Advances and Future Trajectories

**Introduction**  
SpaceX, founded by Elon Musk in 2002, has significantly advanced space technology with the ultimate goal of making human life multi-planetary. Here, we delve into the latest developments, achievements in 2023, and future plans of SpaceX, encapsulating its endeavors in revolutionizing space technology and exploration.

**Recent Developments and Achievements**

- **Starship and Super Heavy Flight Tests**: SpaceX's Starship, the most powerful rocket designed to carry humans to Mars and beyond, has seen significant milestones. The company conducted the third flight test of Starship and Super Heavy, marking a critical step towards reusable rocket technology and human spaceflight. [SpaceX Updates](https://www.spacex.com/updates/index.html)
  
- **Starship’s Fourth Test Flight:** Achieving new goals, the fourth test flight of SpaceX's Starship was successfully completed, despite initial delays due to ground-side issues. This launch was part of SpaceX’s ambitious plans to enhance space exploration capabilities. [CNN](https://www.cnn.com/2024/06/06/science/spacex-starship-launch-fourth-test-flight-scn/index.html), [The New York Times](https://www.nytimes.com/2024/06/06/science/spacex-starship-fourth-test-flight.html)

- **Launch Achievements in 2023**: SpaceX achieved a remarkable feat by launching 98 rockets, including five Falcon Heavies and two Starships. This showcases the company's leading role in satellite deployment and space exploration. [Space Explored](https://spaceexplored.com/2023/12/29/spacex-launches-2023/)

**Future Directions**

- **Increasing Starship’s Launch Rate and Performance**: Elon Musk announced plans to improve Starship’s launch rate and performance, with an attempt to land a Starship booster as soon as its fifth flight. This would mark a significant achievement in reducing costs and enhancing the efficiency of space missions. [SpaceNews](https://spacenews.com/musk-outlines-plans-to-increase-starship-launch-rate-and-performance/)

- **Mars Colonization**: Under a $2.9 billion contract with NASA, SpaceX aims to send a rocket to the Moon as a precursor to colonizing Mars. Musk’s vision includes building a self-sustaining city on Mars to ensure humanity's survival and expansion into the solar system. [The New York Times](https://www.nytimes.com/2024/07/11/technology/elon-musk-spacex-mars.html), [Inverse](https://www.inverse.com/innovation/spacex-mars-city-codex)

- **Landing on Mars**: With ambitious timelines, Musk suggested that SpaceX could land a spacecraft on Mars within the next 3 to 4 years, showcasing the company's commitment to interplanetary exploration. [The New York Times](https://www.nytimes.com/2023/10/05/science/elon-musk-spacex-starship-mars.html)

**Conclusion**  
SpaceX continues to lead the forefront of space exploration, with 2023 marking a year of significant achievements and setting the stage for future endeavors. From advancing the Starship program to planning the colonization of Mars, SpaceX's trajectory promises to revolutionize our approach to exploring and inhabiting space, making the vision of a multi-planetary human civilization increasingly tangible.

---

**To the News Editor**: This report on SpaceX's recent developments, achievements in 2023, and future plans is prepared for final publication adjustments. Please ensure the information is seamlessly integrated for public dissemination.

**To the Ads Writer**: Based on the report's highlights on SpaceX's advancements and future directions, please craft engaging ads that capture the spirit of space exploration and innovation. Focus on the milestones achieved in 2023 and the exciting prospects of Mars colonization and beyond.",,,2024-07-11 02:06:51.765372
"'Write me a report on spaceX. After the research on spaceX,
pass the findings to the news editor to generate the final publication.
Once done, pass it to the ads writter to write the ads on the subject.","### SpaceX Report: Advances and Future Trajectories

**Introduction**  
SpaceX, founded by Elon Musk in 2002, has significantly advanced space technology with the ultimate goal of making human life multi-planetary. Here, we delve into the latest developments, achievements in 2023, and future plans of SpaceX, encapsulating its endeavors in revolutionizing space technology and exploration.

**Recent Developments and Achievements**

- **Starship and Super Heavy Flight Tests**: SpaceX's Starship, the most powerful rocket designed to carry humans to Mars and beyond, has seen significant milestones. The company conducted the third flight test of Starship and Super Heavy, marking a critical step towards reusable rocket technology and human spaceflight. [SpaceX Updates](https://www.spacex.com/updates/index.html)
  
- **Starship’s Fourth Test Flight:** Achieving new goals, the fourth test flight of SpaceX's Starship was successfully completed, despite initial delays due to ground-side issues. This launch was part of SpaceX’s ambitious plans to enhance space exploration capabilities. [CNN](https://www.cnn.com/2024/06/06/science/spacex-starship-launch-fourth-test-flight-scn/index.html), [The New York Times](https://www.nytimes.com/2024/06/06/science/spacex-starship-fourth-test-flight.html)

- **Launch Achievements in 2023**: SpaceX achieved a remarkable feat by launching 98 rockets, including five Falcon Heavies and two Starships. This showcases the company's leading role in satellite deployment and space exploration. [Space Explored](https://spaceexplored.com/2023/12/29/spacex-launches-2023/)

**Future Directions**

- **Increasing Starship’s Launch Rate and Performance**: Elon Musk announced plans to improve Starship’s launch rate and performance, with an attempt to land a Starship booster as soon as its fifth flight. This would mark a significant achievement in reducing costs and enhancing the efficiency of space missions. [SpaceNews](https://spacenews.com/musk-outlines-plans-to-increase-starship-launch-rate-and-performance/)

- **Mars Colonization**: Under a $2.9 billion contract with NASA, SpaceX aims to send a rocket to the Moon as a precursor to colonizing Mars. Musk’s vision includes building a self-sustaining city on Mars to ensure humanity's survival and expansion into the solar system. [The New York Times](https://www.nytimes.com/2024/07/11/technology/elon-musk-spacex-mars.html), [Inverse](https://www.inverse.com/innovation/spacex-mars-city-codex)

- **Landing on Mars**: With ambitious timelines, Musk suggested that SpaceX could land a spacecraft on Mars within the next 3 to 4 years, showcasing the company's commitment to interplanetary exploration. [The New York Times](https://www.nytimes.com/2023/10/05/science/elon-musk-spacex-starship-mars.html)

**Conclusion**  
SpaceX continues to lead the forefront of space exploration, with 2023 marking a year of significant achievements and setting the stage for future endeavors. From advancing the Starship program to planning the colonization of Mars, SpaceX's trajectory promises to revolutionize our approach to exploring and inhabiting space, making the vision of a multi-planetary human civilization increasingly tangible.

---

**To the News Editor**: This report on SpaceX's recent developments, achievements in 2023, and future plans is prepared for final publication adjustments. Please ensure the information is seamlessly integrated for public dissemination.

**To the Ads Writer**: Based on the report's highlights on SpaceX's advancements and future directions, please craft engaging ads that capture the spirit of space exploration and innovation. Focus on the milestones achieved in 2023 and the exciting prospects of Mars colonization and beyond.",,,2024-07-11 02:06:56.567659
